layer,magnitude,rung,R,obs_drop,p,detected,trace_div
code,0.02,L0,1,0.0,,False,0.0
code,0.02,L0,5,0.0,,False,0.0
code,0.02,L0,20,0.0023,0.3811,False,0.0408
code,0.02,L2,1,0.0,,False,0.0021
code,0.02,L2,5,0.002,0.1578,False,0.0046
code,0.02,L2,20,0.003,0.0044,True,0.0011
code,0.05,L0,1,0.025,0.2763,False,0.084
code,0.05,L0,5,0.016,0.1169,False,0.1498
code,0.05,L0,20,0.0067,0.0341,True,0.0221
code,0.05,L2,1,0.0,,False,0.0021
code,0.05,L2,5,0.009,0.0064,True,0.0055
code,0.05,L2,20,0.006,0.0003,True,0.0
code,0.08,L0,1,0.01,0.1578,False,0.0013
code,0.08,L0,5,0.014,0.0943,False,0.0946
code,0.08,L0,20,0.006,0.199,False,0.0587
code,0.08,L2,1,0.0,,False,0.0021
code,0.08,L2,5,0.007,0.0345,True,0.0005
code,0.08,L2,20,0.0103,0.0007,True,0.0079
code,0.12,L0,1,0.02,0.5178,False,0.1404
code,0.12,L0,5,0.033,0.009,True,0.1519
code,0.12,L0,20,0.0118,0.0248,True,0.0042
code,0.12,L2,1,0.02,0.0452,True,0.0082
code,0.12,L2,5,0.019,0.0008,True,0.0148
code,0.12,L2,20,0.0168,0.0,True,0.0113
infra,0.02,L0,1,0.01,0.1578,False,0.0021
infra,0.02,L0,5,0.005,0.1661,False,0.0023
infra,0.02,L0,20,0.005,0.0024,True,0.0023
infra,0.02,L2,1,0.0,,False,0.0
infra,0.02,L2,5,0.006,0.0833,False,0.0009
infra,0.02,L2,20,0.0053,0.0044,True,0.0005
infra,0.05,L0,1,0.0,1.0,False,0.0034
infra,0.05,L0,5,0.007,0.1269,False,0.0
infra,0.05,L0,20,0.0095,0.0004,True,0.0062
infra,0.05,L2,1,0.02,0.0452,True,0.0033
infra,0.05,L2,5,0.005,0.2983,False,0.004
infra,0.05,L2,20,0.015,0.0,True,0.0052
infra,0.08,L0,1,0.03,0.0336,True,0.0072
infra,0.08,L0,5,0.018,0.0076,True,0.0045
infra,0.08,L0,20,0.017,0.0,True,0.006
infra,0.08,L2,1,0.01,0.4156,False,0.004
infra,0.08,L2,5,0.017,0.0192,True,0.0096
infra,0.08,L2,20,0.017,0.0,True,0.0052
infra,0.12,L0,1,0.015,0.367,False,0.0091
infra,0.12,L0,5,0.025,0.0015,True,0.0034
infra,0.12,L0,20,0.0262,0.0,True,0.0093
infra,0.12,L2,1,0.035,0.052,False,0.0102
infra,0.12,L2,5,0.022,0.0102,True,0.0079
infra,0.12,L2,20,0.022,0.0,True,0.0068
